Workbook

Sheet Master Data
A1: 📊 MASTER DATA — 모든 비용 파라미터 (여기서 수정하면 전체 자동 반영)
A2: ⚠️ 이 시트의 숫자를 변경하면 12개 패키지 전체가 자동 업데이트됩니다 | 2026-05-19
A4: ⛳ 골프 코스 비용 (1인 1라운드 기준, USD)
A5: 코스 | B5: 원가 (Cost) | C5: 판매가 (Sell) | D5: 단위마진 | E5: 특이사항 | F5: 추가마진
A6: Trump National LA | B6: 210 | C6: 500 | D6: =C6-B6 | E6: 멤버십 게스트 요금 | Cart 포함 | F6: -
A7: Sandpiper GC | B7: 130 | C7: 245 | D7: =C7-B7 | E7: UnderPar.com deal | 당일 무료리플레이 | Non-Resident weekend | F7: +$245 replay 시
A8: Hidden Valley GC | B8: 109 | C8: 109 | D8: =C8-B8 | E8: Weekend Prime Morning | 9Stamp=1무료 (스탬프당 $12.11) | F8: =C8/9
A10: 🏨 숙소 (1인 1박 기준, 더블오큐펜시)
A11: 호텔 | B11: 원가/인/박 | C11: 판매가/인/박 | D11: 단위마진 | E11: 비고
A12: Beverly Wilshire (5★) / 동급 | B12: 275 | C12: 375 | D12: =C12-B12 | E12: Double occupancy ($550/room ÷ 2)
A14: 🚐 교통 (1인 1일 기준, 4인 1조)
A15: 항목 | B15: 원가/인/일 | C15: 판매가/인/일 | D15: 단위마진 | E15: 비고
A16: Driver/Guide + 럭셔리밴 | B16: 125 | C16: 175 | D16: =C16-B16 | E16: $500/일 ÷ 4인 | 드라이버=가이드
A17: 공항 왕복 픽업 (1회) | B17: 75 | C17: 120 | D17: =C17-B17 | E17: LAX ↔ 호텔
A19: 🍽️ 식사 (1인 1끼 기준)
A20: 식사종류 | B20: 원가/인 | C20: 판매가/인 | D20: 단위마진 | E20: 비고
A21: 조식 (호텔) | B21: 30 | C21: 45 | D21: =C21-B21 | E21: 매일 포함
A22: 중식 | B22: 40 | C22: 60 | D22: =C22-B22 | E22: 매일 포함
A23: 석식 (일반) | B23: 80 | C23: 120 | D23: =C23-B23 | E23: 일반석식
A24: Exclusive 디너 (미슐랭/파인다이닝) | B24: 120 | C24: 180 | D24: =C24-B24 | E24: 트립당 2회 포함
A26: 📦 기타 비용 (1인 1일 기준)
A27: 항목 | B27: 원가/인/일 | C27: 판매가/인/일 | D27: 단위마진 | E27: 비고
A28: 기타경비 (보험·팁·컨틴전시) | B28: 50 | C28: 75 | D28: =C28-B28 | E28: 일당
A30: 📐 패키지 구조 파라미터
A31: 파라미터 | B31: 값 | C31: 설명
A32: 트립당 Exclusive 디너 횟수 | B32: 2 | C32: 모든 패키지 공통
A33: 4인팀 기준 인원수 | B33: 4 | C33: 팀당 골퍼 수

Sheet 12 Packages
A1: 결 TOUR — 미국 LA 골프 패키지 12종 상세 (1인 기준, USD) ★ 전부 수식 연동
A2: 🔗 Master Data 시트의 숫자를 변경하면 이 시트의 모든 값이 자동 업데이트됩니다
A4: No | B4: ID | C4: 일정 | D4: 패키지명 | E4: 박 | F4: 일 | G4: Rounds | H4: Trump 회 | I4: Sand 회 | J4: HV 회 | K4: 골프C | L4: 골프S | M4: 호텔C | N4: 호텔S | O4: 차량C | P4: 차량S | Q4: 식사C | R4: 식사S | S4: 기타C | T4: 기타S | U4: 총원가 | V4: 총판매 | W4: 매출이익 | X4: Stamp+ | Y4: 리플레이+ | Z4: 실질이익 | AA4: 마진율
A5: 1 | B5: A1 | C5: 3박 4일 | D5: 트럼프 익스클루시브 | E5: 3 | F5: 4 | G5: 2 | H5: 2 | I5: 0 | J5: 0 | K5: ='Master Data'!B6*H5+'Master Data'!B7*I5+'Master Data'!B8*J5 | L5: ='Master Data'!C6*H5+'Master Data'!C7*I5+'Master Data'!C8*J5 | M5: =E5*'Master Data'!B12 | N5: =E5*'Master Data'!C12 | O5: =F5*'Master Data'!B16 | P5: =F5*'Master Data'!C16 | Q5: =F5*('Master Data'!B21+'Master Data'!B22)+(F5-'Master Data'!B32)*'Master Data'!B23+'Master Data'!B32*'Master Data'!B24+'Master Data'!B17 | R5: =F5*('Master Data'!C21+'Master Data'!C22)+(F5-'Master Data'!B32)*'Master Data'!C23+'Master Data'!B32*'Master Data'!C24+'Master Data'!C17 | S5: =F5*'Master Data'!B28 | T5: =F5*'Master Data'!C28 | U5: =K5+M5+O5+Q5+S5 | V5: =L5+N5+P5+R5+T5 | W5: =V5-U5 | X5: =J5*'Master Data'!F8 | Y5: =IF(I5>=2,'Master Data'!B7,0) | Z5: =W5+X5+Y5 | AA5: =IF(V5>0,Z5/V5,0)
A6: 2 | B6: A2 | C6: 3박 4일 | D6: 트럼프 + 샌드파이퍼 오션뷰 | E6: 3 | F6: 4 | G6: 2 | H6: 1 | I6: 1 | J6: 0 | K6: ='Master Data'!B6*H6+'Master Data'!B7*I6+'Master Data'!B8*J6 | L6: ='Master Data'!C6*H6+'Master Data'!C7*I6+'Master Data'!C8*J6 | M6: =E6*'Master Data'!B12 | N6: =E6*'Master Data'!C12 | O6: =F6*'Master Data'!B16 | P6: =F6*'Master Data'!C16 | Q6: =F6*('Master Data'!B21+'Master Data'!B22)+(F6-'Master Data'!B32)*'Master Data'!B23+'Master Data'!B32*'Master Data'!B24+'Master Data'!B17 | R6: =F6*('Master Data'!C21+'Master Data'!C22)+(F6-'Master Data'!B32)*'Master Data'!C23+'Master Data'!B32*'Master Data'!C24+'Master Data'!C17 | S6: =F6*'Master Data'!B28 | T6: =F6*'Master Data'!C28 | U6: =K6+M6+O6+Q6+S6 | V6: =L6+N6+P6+R6+T6 | W6: =V6-U6 | X6: =J6*'Master Data'!F8 | Y6: =IF(I6>=2,'Master Data'!B7,0) | Z6: =W6+X6+Y6 | AA6: =IF(V6>0,Z6/V6,0)
A7: 3 | B7: A3 | C7: 3박 4일 | D7: 트럼프 + 히든밸리 | E7: 3 | F7: 4 | G7: 2 | H7: 1 | I7: 0 | J7: 1 | K7: ='Master Data'!B6*H7+'Master Data'!B7*I7+'Master Data'!B8*J7 | L7: ='Master Data'!C6*H7+'Master Data'!C7*I7+'Master Data'!C8*J7 | M7: =E7*'Master Data'!B12 | N7: =E7*'Master Data'!C12 | O7: =F7*'Master Data'!B16 | P7: =F7*'Master Data'!C16 | Q7: =F7*('Master Data'!B21+'Master Data'!B22)+(F7-'Master Data'!B32)*'Master Data'!B23+'Master Data'!B32*'Master Data'!B24+'Master Data'!B17 | R7: =F7*('Master Data'!C21+'Master Data'!C22)+(F7-'Master Data'!B32)*'Master Data'!C23+'Master Data'!B32*'Master Data'!C24+'Master Data'!C17 | S7: =F7*'Master Data'!B28 | T7: =F7*'Master Data'!C28 | U7: =K7+M7+O7+Q7+S7 | V7: =L7+N7+P7+R7+T7 | W7: =V7-U7 | X7: =J7*'Master Data'!F8 | Y7: =IF(I7>=2,'Master Data'!B7,0) | Z7: =W7+X7+Y7 | AA7: =IF(V7>0,Z7/V7,0)
A8: 4 | B8: A4 | C8: 3박 4일 | D8: 트럼프 인텐시브 + LA | E8: 3 | F8: 4 | G8: 2 | H8: 2 | I8: 0 | J8: 0 | K8: ='Master Data'!B6*H8+'Master Data'!B7*I8+'Master Data'!B8*J8 | L8: ='Master Data'!C6*H8+'Master Data'!C7*I8+'Master Data'!C8*J8 | M8: =E8*'Master Data'!B12 | N8: =E8*'Master Data'!C12 | O8: =F8*'Master Data'!B16 | P8: =F8*'Master Data'!C16 | Q8: =F8*('Master Data'!B21+'Master Data'!B22)+(F8-'Master Data'!B32)*'Master Data'!B23+'Master Data'!B32*'Master Data'!B24+'Master Data'!B17 | R8: =F8*('Master Data'!C21+'Master Data'!C22)+(F8-'Master Data'!B32)*'Master Data'!C23+'Master Data'!B32*'Master Data'!C24+'Master Data'!C17 | S8: =F8*'Master Data'!B28 | T8: =F8*'Master Data'!C28 | U8: =K8+M8+O8+Q8+S8 | V8: =L8+N8+P8+R8+T8 | W8: =V8-U8 | X8: =J8*'Master Data'!F8 | Y8: =IF(I8>=2,'Master Data'!B7,0) | Z8: =W8+X8+Y8 | AA8: =IF(V8>0,Z8/V8,0)
A9: 5 | B9: B1 | C9: 5박 7일 | D9: 트럼프 그랜드슬램 | E9: 5 | F9: 7 | G9: 4 | H9: 4 | I9: 0 | J9: 0 | K9: ='Master Data'!B6*H9+'Master Data'!B7*I9+'Master Data'!B8*J9 | L9: ='Master Data'!C6*H9+'Master Data'!C7*I9+'Master Data'!C8*J9 | M9: =E9*'Master Data'!B12 | N9: =E9*'Master Data'!C12 | O9: =F9*'Master Data'!B16 | P9: =F9*'Master Data'!C16 | Q9: =F9*('Master Data'!B21+'Master Data'!B22)+(F9-'Master Data'!B32)*'Master Data'!B23+'Master Data'!B32*'Master Data'!B24+'Master Data'!B17 | R9: =F9*('Master Data'!C21+'Master Data'!C22)+(F9-'Master Data'!B32)*'Master Data'!C23+'Master Data'!B32*'Master Data'!C24+'Master Data'!C17 | S9: =F9*'Master Data'!B28 | T9: =F9*'Master Data'!C28 | U9: =K9+M9+O9+Q9+S9 | V9: =L9+N9+P9+R9+T9 | W9: =V9-U9 | X9: =J9*'Master Data'!F8 | Y9: =IF(I9>=2,'Master Data'!B7,0) | Z9: =W9+X9+Y9 | AA9: =IF(V9>0,Z9/V9,0)
A10: 6 | B10: B2 | C10: 5박 7일 | D10: 트럼프 + 샌드파이퍼 베스트 | E10: 5 | F10: 7 | G10: 4 | H10: 2 | I10: 2 | J10: 0 | K10: ='Master Data'!B6*H10+'Master Data'!B7*I10+'Master Data'!B8*J10 | L10: ='Master Data'!C6*H10+'Master Data'!C7*I10+'Master Data'!C8*J10 | M10: =E10*'Master Data'!B12 | N10: =E10*'Master Data'!C12 | O10: =F10*'Master Data'!B16 | P10: =F10*'Master Data'!C16 | Q10: =F10*('Master Data'!B21+'Master Data'!B22)+(F10-'Master Data'!B32)*'Master Data'!B23+'Master Data'!B32*'Master Data'!B24+'Master Data'!B17 | R10: =F10*('Master Data'!C21+'Master Data'!C22)+(F10-'Master Data'!B32)*'Master Data'!C23+'Master Data'!B32*'Master Data'!C24+'Master Data'!C17 | S10: =F10*'Master Data'!B28 | T10: =F10*'Master Data'!C28 | U10: =K10+M10+O10+Q10+S10 | V10: =L10+N10+P10+R10+T10 | W10: =V10-U10 | X10: =J10*'Master Data'!F8 | Y10: =IF(I10>=2,'Master Data'!B7,0) | Z10: =W10+X10+Y10 | AA10: =IF(V10>0,Z10/V10,0)
A11: 7 | B11: B3 | C11: 5박 7일 | D11: 트럼프 + 히든밸리 시그니처 | E11: 5 | F11: 7 | G11: 4 | H11: 2 | I11: 0 | J11: 2 | K11: ='Master Data'!B6*H11+'Master Data'!B7*I11+'Master Data'!B8*J11 | L11: ='Master Data'!C6*H11+'Master Data'!C7*I11+'Master Data'!C8*J11 | M11: =E11*'Master Data'!B12 | N11: =E11*'Master Data'!C12 | O11: =F11*'Master Data'!B16 | P11: =F11*'Master Data'!C16 | Q11: =F11*('Master Data'!B21+'Master Data'!B22)+(F11-'Master Data'!B32)*'Master Data'!B23+'Master Data'!B32*'Master Data'!B24+'Master Data'!B17 | R11: =F11*('Master Data'!C21+'Master Data'!C22)+(F11-'Master Data'!B32)*'Master Data'!C23+'Master Data'!B32*'Master Data'!C24+'Master Data'!C17 | S11: =F11*'Master Data'!B28 | T11: =F11*'Master Data'!C28 | U11: =K11+M11+O11+Q11+S11 | V11: =L11+N11+P11+R11+T11 | W11: =V11-U11 | X11: =J11*'Master Data'!F8 | Y11: =IF(I11>=2,'Master Data'!B7,0) | Z11: =W11+X11+Y11 | AA11: =IF(V11>0,Z11/V11,0)
A12: 8 | B12: B4 | C12: 5박 7일 | D12: 트럼프+샌드+히든 3색 | E12: 5 | F12: 7 | G12: 4 | H12: 2 | I12: 1 | J12: 1 | K12: ='Master Data'!B6*H12+'Master Data'!B7*I12+'Master Data'!B8*J12 | L12: ='Master Data'!C6*H12+'Master Data'!C7*I12+'Master Data'!C8*J12 | M12: =E12*'Master Data'!B12 | N12: =E12*'Master Data'!C12 | O12: =F12*'Master Data'!B16 | P12: =F12*'Master Data'!C16 | Q12: =F12*('Master Data'!B21+'Master Data'!B22)+(F12-'Master Data'!B32)*'Master Data'!B23+'Master Data'!B32*'Master Data'!B24+'Master Data'!B17 | R12: =F12*('Master Data'!C21+'Master Data'!C22)+(F12-'Master Data'!B32)*'Master Data'!C23+'Master Data'!B32*'Master Data'!C24+'Master Data'!C17 | S12: =F12*'Master Data'!B28 | T12: =F12*'Master Data'!C28 | U12: =K12+M12+O12+Q12+S12 | V12: =L12+N12+P12+R12+T12 | W12: =V12-U12 | X12: =J12*'Master Data'!F8 | Y12: =IF(I12>=2,'Master Data'!B7,0) | Z12: =W12+X12+Y12 | AA12: =IF(V12>0,Z12/V12,0)
A13: 9 | B13: C1 | C13: 7박 8일 | D13: 트럼프 얼티밋 | E13: 7 | F13: 8 | G13: 5 | H13: 5 | I13: 0 | J13: 0 | K13: ='Master Data'!B6*H13+'Master Data'!B7*I13+'Master Data'!B8*J13 | L13: ='Master Data'!C6*H13+'Master Data'!C7*I13+'Master Data'!C8*J13 | M13: =E13*'Master Data'!B12 | N13: =E13*'Master Data'!C12 | O13: =F13*'Master Data'!B16 | P13: =F13*'Master Data'!C16 | Q13: =F13*('Master Data'!B21+'Master Data'!B22)+(F13-'Master Data'!B32)*'Master Data'!B23+'Master Data'!B32*'Master Data'!B24+'Master Data'!B17 | R13: =F13*('Master Data'!C21+'Master Data'!C22)+(F13-'Master Data'!B32)*'Master Data'!C23+'Master Data'!B32*'Master Data'!C24+'Master Data'!C17 | S13: =F13*'Master Data'!B28 | T13: =F13*'Master Data'!C28 | U13: =K13+M13+O13+Q13+S13 | V13: =L13+N13+P13+R13+T13 | W13: =V13-U13 | X13: =J13*'Master Data'!F8 | Y13: =IF(I13>=2,'Master Data'!B7,0) | Z13: =W13+X13+Y13 | AA13: =IF(V13>0,Z13/V13,0)
A14: 10 | B14: C2 | C14: 7박 8일 | D14: 트럼프+샌드파이퍼 마스터 | E14: 7 | F14: 8 | G14: 5 | H14: 3 | I14: 2 | J14: 0 | K14: ='Master Data'!B6*H14+'Master Data'!B7*I14+'Master Data'!B8*J14 | L14: ='Master Data'!C6*H14+'Master Data'!C7*I14+'Master Data'!C8*J14 | M14: =E14*'Master Data'!B12 | N14: =E14*'Master Data'!C12 | O14: =F14*'Master Data'!B16 | P14: =F14*'Master Data'!C16 | Q14: =F14*('Master Data'!B21+'Master Data'!B22)+(F14-'Master Data'!B32)*'Master Data'!B23+'Master Data'!B32*'Master Data'!B24+'Master Data'!B17 | R14: =F14*('Master Data'!C21+'Master Data'!C22)+(F14-'Master Data'!B32)*'Master Data'!C23+'Master Data'!B32*'Master Data'!C24+'Master Data'!C17 | S14: =F14*'Master Data'!B28 | T14: =F14*'Master Data'!C28 | U14: =K14+M14+O14+Q14+S14 | V14: =L14+N14+P14+R14+T14 | W14: =V14-U14 | X14: =J14*'Master Data'!F8 | Y14: =IF(I14>=2,'Master Data'!B7,0) | Z14: =W14+X14+Y14 | AA14: =IF(V14>0,Z14/V14,0)
A15: 11 | B15: C3 | C15: 7박 8일 | D15: 트럼프+히든밸리 챔피언 | E15: 7 | F15: 8 | G15: 5 | H15: 3 | I15: 0 | J15: 2 | K15: ='Master Data'!B6*H15+'Master Data'!B7*I15+'Master Data'!B8*J15 | L15: ='Master Data'!C6*H15+'Master Data'!C7*I15+'Master Data'!C8*J15 | M15: =E15*'Master Data'!B12 | N15: =E15*'Master Data'!C12 | O15: =F15*'Master Data'!B16 | P15: =F15*'Master Data'!C16 | Q15: =F15*('Master Data'!B21+'Master Data'!B22)+(F15-'Master Data'!B32)*'Master Data'!B23+'Master Data'!B32*'Master Data'!B24+'Master Data'!B17 | R15: =F15*('Master Data'!C21+'Master Data'!C22)+(F15-'Master Data'!B32)*'Master Data'!C23+'Master Data'!B32*'Master Data'!C24+'Master Data'!C17 | S15: =F15*'Master Data'!B28 | T15: =F15*'Master Data'!C28 | U15: =K15+M15+O15+Q15+S15 | V15: =L15+N15+P15+R15+T15 | W15: =V15-U15 | X15: =J15*'Master Data'!F8 | Y15: =IF(I15>=2,'Master Data'!B7,0) | Z15: =W15+X15+Y15 | AA15: =IF(V15>0,Z15/V15,0)
A16: 12 | B16: C4 | C16: 7박 8일 | D16: 트럼프+샌드+히든 풀하우스 | E16: 7 | F16: 8 | G16: 5 | H16: 2 | I16: 2 | J16: 1 | K16: ='Master Data'!B6*H16+'Master Data'!B7*I16+'Master Data'!B8*J16 | L16: ='Master Data'!C6*H16+'Master Data'!C7*I16+'Master Data'!C8*J16 | M16: =E16*'Master Data'!B12 | N16: =E16*'Master Data'!C12 | O16: =F16*'Master Data'!B16 | P16: =F16*'Master Data'!C16 | Q16: =F16*('Master Data'!B21+'Master Data'!B22)+(F16-'Master Data'!B32)*'Master Data'!B23+'Master Data'!B32*'Master Data'!B24+'Master Data'!B17 | R16: =F16*('Master Data'!C21+'Master Data'!C22)+(F16-'Master Data'!B32)*'Master Data'!C23+'Master Data'!B32*'Master Data'!C24+'Master Data'!C17 | S16: =F16*'Master Data'!B28 | T16: =F16*'Master Data'!C28 | U16: =K16+M16+O16+Q16+S16 | V16: =L16+N16+P16+R16+T16 | W16: =V16-U16 | X16: =J16*'Master Data'!F8 | Y16: =IF(I16>=2,'Master Data'!B7,0) | Z16: =W16+X16+Y16 | AA16: =IF(V16>0,Z16/V16,0)
A17: 📊 12종 합계 | K17: =SUM(K5:K16) | L17: =SUM(L5:L16) | M17: =SUM(M5:M16) | N17: =SUM(N5:N16) | O17: =SUM(O5:O16) | P17: =SUM(P5:P16) | Q17: =SUM(Q5:Q16) | R17: =SUM(R5:R16) | ... Z17: =SUM(Z5:Z16)
A18: 📊 4인팀 합계 (×4) | U18: =U17*4 | V18: =V17*4 | W18: =W17*4 | Z18: =Z17*4

Sheet Profit Summary
A1: 결 TOUR — 수익 분석 요약
A3: 📅 일정별 평균 수익 비교
A4: 일정 | B4: 패키지수 | C4: 평균원가 | D4: 평균판매가 | E4: 평균이익 | F4: 평균마진율 | G4: 최고이익패키지 | H4: 최고이익
A5: 3박 4일 | B5: 4 | C5: =AVERAGE('12 Packages'!U5:8) | D5: =AVERAGE('12 Packages'!V5:8) | E5: =AVERAGE('12 Packages'!Z5:8) | F5: =AVERAGE('12 Packages'!AA5:8) | H5: =MAX('12 Packages'!Z5:8)
A6: 5박 7일 | B6: 4 | C6: =AVERAGE('12 Packages'!U9:12) | D6: =AVERAGE('12 Packages'!V9:12) | E6: =AVERAGE('12 Packages'!Z9:12) | F6: =AVERAGE('12 Packages'!AA9:12) | H6: =MAX('12 Packages'!Z9:12)
A7: 7박 8일 | B7: 4 | C7: =AVERAGE('12 Packages'!U13:16) | D7: =AVERAGE('12 Packages'!V13:16) | E7: =AVERAGE('12 Packages'!Z13:16) | F7: =AVERAGE('12 Packages'!AA13:16) | H7: =MAX('12 Packages'!Z13:16)
A9: 🏆 추천 TOP 3 패키지
A10: 순위 | B10: ID | C10: 일정 | D10: 패키지명 | E10: 판매가 | F10: 원가 | G10: 순이익 | H10: 마진율
A11: 1 | B11: B1 (5박7일) | C11: ='12 Packages'!D9 | D11: ='12 Packages'!V9 | E11: ='12 Packages'!U9 | F11: ='12 Packages'!Z9 | G11: ='12 Packages'!AA9 | H11: ='12 Packages'!Z9*4
A12: 2 | B12: C1 (7박8일) | C12: ='12 Packages'!D13 | D12: ='12 Packages'!V13 | E12: ='12 Packages'!U13 | F12: ='12 Packages'!Z13 | G12: ='12 Packages'!AA13 | H12: 4인팀이익
A13: 3 | B13: A1 (3박4일) | C13: ='12 Packages'!D5 | D13: ='12 Packages'!V5 | E13: ='12 Packages'!U5 | F13: ='12 Packages'!Z5 | G13: ='12 Packages'!AA5 | H13: ='12 Packages'!Z5*4
A15: ⛳ 코스조합별 평균 마진율
A16: 코스조합 | B16: 패키지수 | C16: 평균원가 | D16: 평균판매 | E16: 평균이익 | F16: 평균마진 | G16: Stamp+ | H16: 리플레이+
A17: Trump Only | B17: 4 | C17: =AVERAGE(('12 Packages'!U{5,8,9,13})) | D17: =AVERAGE(('12 Packages'!V{5,8,9,13})) | E17: =AVERAGE(('12 Packages'!Z{5,8,9,13})) | F17: =AVERAGE(('12 Packages'!AA{5,8,9,13})) | G17: =AVERAGE(('12 Packages'!X{5,8,9,13})) | H17: =AVERAGE(('12 Packages'!Y{5,8,9,13}))
A18: Trump+Sandpiper | B18: 3 | C18: =AVERAGE(('12 Packages'!U{6,10,14})) | D18: =AVERAGE(('12 Packages'!V{6,10,14})) | E18: =AVERAGE(('12 Packages'!Z{6,10,14})) | F18: =AVERAGE(('12 Packages'!AA{6,10,14})) | G18: =AVERAGE(('12 Packages'!X{6,10,14})) | H18: =AVERAGE(('12 Packages'!Y{6,10,14}))
A19: Trump+HiddenValley | B19: 3 | C19: =AVERAGE(('12 Packages'!U{7,11,15})) | D19: =AVERAGE(('12 Packages'!V{7,11,15})) | E19: =AVERAGE(('12 Packages'!Z{7,11,15})) | F19: =AVERAGE(('12 Packages'!AA{7,11,15})) | G19: =AVERAGE(('12 Packages'!X{7,11,15})) | H19: =AVERAGE(('12 Packages'!Y{7,11,15}))
A20: Trump+Sands+Hidden | B20: 2 | C20: =AVERAGE(('12 Packages'!U{12,16})) | D20: =AVERAGE(('12 Packages'!V{12,16})) | E20: =AVERAGE(('12 Packages'!Z{12,16})) | F20: =AVERAGE(('12 Packages'!AA{12,16})) | G20: =AVERAGE(('12 Packages'!X{12,16})) | H20: =AVERAGE(('12 Packages'!Y{12,16}))
A22: 📊 12종 패키지 수익 비교
A23: 패키지 | B23: 총판매가 | C23: 총원가 | D23: 순이익
A24: A1 트럼프 익스클루시브 | B24: ='12 Packages'!V5 | C24: ='12 Packages'!U5 | D24: ='12 Packages'!Z5
A25: A2 트럼프 + 샌드파이퍼 오션뷰 | B25: ='12 Packages'!V6 | C25: ='12 Packages'!U6 | D25: ='12 Packages'!Z6
A26: A3 트럼프 + 히든밸리 | B26: ='12 Packages'!V7 | C26: ='12 Packages'!U7 | D26: ='12 Packages'!Z7
A27: A4 트럼프 인텐시브 + LA | B27: ='12 Packages'!V8 | C27: ='12 Packages'!U8 | D27: ='12 Packages'!Z8
A28: B1 트럼프 그랜드슬램 | B28: ='12 Packages'!V9 | C28: ='12 Packages'!U9 | D28: ='12 Packages'!Z9
A29: B2 트럼프 + 샌드파이퍼 베스트 | B29: ='12 Packages'!V10 | C29: ='12 Packages'!U10 | D29: ='12 Packages'!Z10
A30: B3 트럼프 + 히든밸리 시그니처 | B30: ='12 Packages'!V11 | C30: ='12 Packages'!U11 | D30: ='12 Packages'!Z11
A31: B4 트럼프+샌드+히든 3색 | B31: ='12 Packages'!V12 | C31: ='12 Packages'!U12 | D31: ='12 Packages'!Z12
A32: C1 트럼프 얼티밋 | B32: ='12 Packages'!V13 | C32: ='12 Packages'!U13 | D32: ='12 Packages'!Z13
A33: C2 트럼프+샌드파이퍼 마스터 | B33: ='12 Packages'!V14 | C33: ='12 Packages'!U14 | D33: ='12 Packages'!Z14
A34: C3 트럼프+히든밸리 챔피언 | B34: ='12 Packages'!V15 | C34: ='12 Packages'!U15 | D34: ='12 Packages'!Z15
A35: C4 트럼프+샌드+히든 풀하우스 | B35: ='12 Packages'!V16 | C35: ='12 Packages'!U16 | D35: ='12 Packages'!Z16
